{
  "HTTP Request-1" : {
    "transaction" : "HTTP Request-1",
    "sampleCount" : 6160,
    "errorCount" : 1643,
    "errorPct" : 26.672077,
    "meanResTime" : 533.2126623376638,
    "medianResTime" : 368.0,
    "minResTime" : 133.0,
    "maxResTime" : 6024.0,
    "pct1ResTime" : 507.0,
    "pct2ResTime" : 1098.0,
    "pct3ResTime" : 4464.1400000000085,
    "throughput" : 56.923716675137456,
    "receivedKBytesPerSec" : 546.5929822142263,
    "sentKBytesPerSec" : 7.0042854502610545
  },
  "Total" : {
    "transaction" : "Total",
    "sampleCount" : 20570,
    "errorCount" : 5376,
    "errorPct" : 26.135149,
    "meanResTime" : 579.5781720952895,
    "medianResTime" : 372.0,
    "minResTime" : 131.0,
    "maxResTime" : 6748.0,
    "pct1ResTime" : 763.0,
    "pct2ResTime" : 804.9500000000007,
    "pct3ResTime" : 1710.9700000000048,
    "throughput" : 188.70174666079552,
    "receivedKBytesPerSec" : 1273.2454627756679,
    "sentKBytesPerSec" : 30.172491640521798
  },
  "HTTP Request-0" : {
    "transaction" : "HTTP Request-0",
    "sampleCount" : 6160,
    "errorCount" : 0,
    "errorPct" : 0.0,
    "meanResTime" : 389.34334415584345,
    "medianResTime" : 362.0,
    "minResTime" : 338.0,
    "maxResTime" : 1646.0,
    "pct1ResTime" : 483.90000000000055,
    "pct2ResTime" : 544.9499999999998,
    "pct3ResTime" : 786.0,
    "throughput" : 56.71825941237674,
    "receivedKBytesPerSec" : 45.630790300694244,
    "sentKBytesPerSec" : 6.979004576132294
  },
  "HTTP Request" : {
    "transaction" : "HTTP Request",
    "sampleCount" : 8250,
    "errorCount" : 3733,
    "errorPct" : 45.248486,
    "meanResTime" : 756.2397575757548,
    "medianResTime" : 721.0,
    "minResTime" : 131.0,
    "maxResTime" : 6748.0,
    "pct1ResTime" : 882.0,
    "pct2ResTime" : 1139.0,
    "pct3ResTime" : 5045.449999999999,
    "throughput" : 75.68251871422281,
    "receivedKBytesPerSec" : 685.1658464860377,
    "sentKBytesPerSec" : 16.265828826783356
  }
}